Type,Type2,Title,Description,Mile,Status,Date,Last Verified,Source,Lat,Lon
diversion,diversion,Osney Bridge Oxford water main/footpath works,Thames towpath diversion via Abbey Road. Water mains replacement and footpath repairs. Phase 2 main works Nov 2024-Aug 2026. Phase 3 decommission July-Oct 2026.,53.8,active,2026-10-05,2026-10-05,https://www.thameswater.co.uk/about-us/projects/improvements-in-your-area/osney-bridge-trunk-main-replacement,51.752694,-1.273093
closure,diversion,Marsh Lock Henley footbridge closure,"Footbridge closed for safety. 3-mile diversion via Shiplake. Closure order valid until 31 Jan 2026 and may be extended. Repairs in design phase, expected late 2026 at earliest.",105.1,active,2022-05-01,2026-10-05,https://www.nationaltrail.co.uk/en_GB/short-routes/thames-path-marsh-lock-footbridge-closure-and-diversion/,51.48,-0.82
closure,diversion,Sandford Footbridge closure near Oxford,Unsafe footbridge closed north (upstream) of Sandford Lock. Diversion via NCN 5 cycle route. Environment Agency closure due to safety concerns.,57.0,active,2025-04-01,2026-10-05,https://nationaltrail.co.uk/en_GB/short-routes/sandford-footbridge-closure-and-diversion-april-2025/,51.51,-1.19
closure,intermittent,Abingdon Weir walkway intermittent closure,Weir walkway closes when river levels high and radial gates operated. Reopened 1 April 2026 with 1.5m width. Closed intermittently due to high flows and trigger points during gate operations.,62.0,intermittent,2026-04-01,2026-10-05,https://engageenvironmentagency.uk.engagementhq.com/thames-area-assets,51.45,-1.3
closure,diversion,Temple Footbridge closed Hurley near Marlow,Wooden footbridge closed May 2023 for safety. Unlikely to reopen before 2028. Central span removed Nov 2025. DEFRA offered £250k. Diversion via Marlow Bridge adding 0.5 miles.,108.5,active,2023-05-15,2026-10-05,https://www.nationaltrail.co.uk/en_GB/short-routes/temple-bridge-closed-thames-path-on-diversion-may-2023-onwards/,51.552,-0.797
closure,diversion,Bridge 142 Egham Runnymede footbridge closure,"90-year-old bridge closed Feb 2024 after tree strike. Significant structural damage with cracks in cast iron. Diversion via A308/Causeway/Runnymede Roundabout. Funding for repairs available 2025-26, repairs estimated 2027.",136.5,active,2024-02-01,2026-10-05,https://engageenvironmentagency.uk.engagementhq.com/thames-area-assets/news_feed/bridge-142-river-thames-egham,51.43,-0.53
diversion,diversion,Bell Weir Lock Runnymede diversion for weir works,Thames Path diverted around compound at Runnymede Pleasure Grounds during Bell Weir weir refurbishment works. Lock remains operational. Small diversion around machinery compound.,136.2,active,,2026-10-05,https://engageenvironmentagency.uk.engagementhq.com/thames-area-assets/widgets/141856/faqs,51.4,-0.53
diversion,diversion,Streatley-Goring towpath closure eroding bank,0.8km diversion away from river due to eroding towpath. Repairs expected late 2026 at earliest. Insufficient funding secured. Footpath narrow and frequently floods.,81.5,active,,2026-10-05,https://www.nationaltrail.co.uk/en_GB/short-routes/thames-path-diversion-streatley-goring/,51.522,-1.143
closure,closure,Penton Hook Island tree safety closure,Island closed to public since Feb 2025 due to diseased trees (ash dieback). Scale/complexity of clearing work requires specialist equipment brought by river. Thames Path unaffected. Island remains closed indefinitely.,135.6,active,2025-02-01,2026-10-05,https://engageenvironmentagency.uk.engagementhq.com/thames-area-assets/widgets/159321/faqs,51.38,-0.41
closure,closure,Ten Foot Bridge Faringdon reconstruction completed,Bridge reconstruction completed 18 Aug 2026. Pedestrian crossing between Rushey and Shifford Locks near Buckland in Faringdon fully restored. Previously closed for reconstruction works.,34.0,reopened,2026-08-18,2026-10-05,https://engageenvironmentagency.uk.engagementhq.com/thames-area-assets/widgets/159321/faqs,51.694,-1.49
diversion,diversion,Brentford Grand Union Canal/Thames junction disruption,"Left bank path blocked at Grand Union Canal junction. Being redeveloped. Parts of route now open. Walk down The Ham, cross canal, follow canal to Thames Lock, cross back at lock, follow Dock Road to High Street.",154.0,partial,,2026-10-05,https://walkthethames.co.uk/thames-path-status/,51.49,-0.31
